"id","ip_address","campaign","banner_size","station","city","state","user_agent","referral","created_at","updated_at"
1,"170.20.96.3","ag_04202016","300x250","RIVERSIDE-CBS-RADIO","Toluca Lake","California","Mozilla/5.0 (Windows NT 6.1) AppleWebKit/537.36 (KHTML, like Gecko) Chrome/49.0.2623.112 Safari/537.36",,"2016-04-27 20:15:15.867444","2016-04-27 20:15:15.867444"
2,"66.117.9.146","ag_04202016","300x250","OXNARD-KHAY-FM","Los Angeles","California","mozilla/5.0 (windows nt 6.2; wow64) applewebkit/537.36 (khtml, like gecko) chrome/28.0.1500.72 safari/537.36",,"2016-04-27 22:27:20.044884","2016-04-27 22:27:20.044884"
3,"24.190.123.140","ag_04202016","728x90","OXNARD-KHAY-FM","Bedford Hills","New York","Mozilla/5.0 (Macintosh; Intel Mac OS X 10.11; rv:44.0) Gecko/20100101 Firefox/44.0","http://www.khay.com/","2016-04-27 23:04:05.400446","2016-04-27 23:04:05.400446"
4,"66.117.9.146","ag_04202016","300x250","OXNARD-KHAY-FM","Los Angeles","California","mozilla/5.0 (windows nt 6.2; wow64) applewebkit/537.36 (khtml, like gecko) chrome/28.0.1500.72 safari/537.36",,"2016-04-27 23:23:52.294033","2016-04-27 23:23:52.294033"
5,"66.117.9.146","ag_04202016","300x250","OXNARD-KHAY-FM","Los Angeles","California","mozilla/5.0 (windows nt 6.2; wow64) applewebkit/537.36 (khtml, like gecko) chrome/28.0.1500.72 safari/537.36",,"2016-04-27 23:23:53.121047","2016-04-27 23:23:53.121047"
6,"66.117.9.146","ag_04202016","300x250","OXNARD-KHAY-FM","Los Angeles","California","mozilla/5.0 (windows nt 6.2; wow64) applewebkit/537.36 (khtml, like gecko) chrome/28.0.1500.72 safari/537.36",,"2016-04-28 00:01:22.174421","2016-04-28 00:01:22.174421"
7,"66.117.9.146","ag_04202016","728x90","OXNARD-KHAY-FM","Los Angeles","California","mozilla/5.0 (windows nt 6.2; wow64) applewebkit/537.36 (khtml, like gecko) chrome/28.0.1500.72 safari/537.36",,"2016-04-28 00:01:22.186916","2016-04-28 00:01:22.186916"
8,"46.246.93.94","ag_04202016","300x250","OXNARD-KHAY-FM","Stockholm","Stockholms Lan","Mozilla/5.0 (Windows NT 6.3; WOW64) AppleWebKit/537.36 (KHTML, like Gecko) Chrome/40.0.2214.115 Safari/537.36",,"2016-04-28 00:47:15.543193","2016-04-28 00:47:15.543193"
9,"46.246.93.71","ag_04202016","300x250","OXNARD-KHAY-FM","Stockholm","Stockholms Lan","Mozilla/5.0 (Windows NT 6.1) AppleWebKit/537.36 (KHTML, like Gecko) Chrome/40.0.2214.115 Safari/537.36",,"2016-04-28 00:47:20.606624","2016-04-28 00:47:20.606624"
10,"66.117.9.146","ag_04202016","160x600","OXNARD-KHAY-FM","Los Angeles","California","mozilla/5.0 (windows nt 6.2; wow64) applewebkit/537.36 (khtml, like gecko) chrome/28.0.1500.72 safari/537.36",,"2016-04-28 00:49:49.340992","2016-04-28 00:49:49.340992"
11,"66.249.65.76","ag_04202016","728x90","OXNARD-KHAY-FM","Mountain View","California","Mozilla/5.0 (compatible; Googlebot/2.1; +http://www.google.com/bot.html)",,"2016-04-28 02:03:31.216234","2016-04-28 02:03:31.216234"
12,"66.249.65.73","ag_04202016","300x250","OXNARD-KHAY-FM","Mountain View","California","Mozilla/5.0 (compatible; Googlebot/2.1; +http://www.google.com/bot.html)",,"2016-04-28 02:03:57.033807","2016-04-28 02:03:57.033807"
13,"66.249.65.76","ag_04202016","160x600","OXNARD-KHAY-FM","Mountain View","California","Mozilla/5.0 (compatible; Googlebot/2.1; +http://www.google.com/bot.html)",,"2016-04-28 03:48:31.251515","2016-04-28 03:48:31.251515"
14,"66.117.9.146","ag_04202016","160x600","OXNARD-KHAY-FM","Los Angeles","California","Mozilla/5.0 (Linux; Android 6.0; Nexus 5 Build/MRA58N) AppleWebKit/537.36 (KHTML, like Gecko) Chrome/48.0.2564.23 Mobile Safari/537.36",,"2016-04-28 04:47:37.921058","2016-04-28 04:47:37.921058"
15,"66.117.9.146","ag_04202016","300x250","OXNARD-KHAY-FM","Los Angeles","California","Mozilla/5.0 (Linux; Android 6.0; Nexus 5 Build/MRA58N) AppleWebKit/537.36 (KHTML, like Gecko) Chrome/48.0.2564.23 Mobile Safari/537.36",,"2016-04-28 04:47:37.927558","2016-04-28 04:47:37.927558"
16,"66.249.65.79","ag_04202016","300x250","RIVERSIDE-CBS-RADIO","Mountain View","California","Mozilla/5.0 (compatible; Googlebot/2.1; +http://www.google.com/bot.html)",,"2016-04-28 04:53:01.014212","2016-04-28 04:53:01.014212"
17,"173.244.168.210","ag_04202016","300x250","RIVERSIDE-CBS-RADIO","Columbus","Ohio","Mozilla/5.0 (Windows NT 6.3; rv:36.0) Gecko/20100101 Firefox/36.0",,"2016-04-28 05:29:14.676322","2016-04-28 05:29:14.676322"
18,"23.82.35.40","ag_04202016","728x90","OXNARD-KHAY-FM","Phoenix","Arizona","Mozilla/5.0 (Windows; U; Windows NT 6.0; en-US) AppleWebKit/528.16 (KHTML, like Gecko) Version/4.0 Safari/528.16",,"2016-04-28 06:24:09.440321","2016-04-28 06:24:09.440321"
19,"23.82.35.30","ag_04202016","728x90","OXNARD-KHAY-FM","Phoenix","Arizona","Mozilla/5.0 (Windows NT 6.1; WOW64) AppleWebKit/537.36 (KHTML, like Gecko) Chrome/40.0.2214.115 Safari/537.36",,"2016-04-28 06:24:11.255216","2016-04-28 06:24:11.255216"
20,"209.190.96.34","ag_04202016","300x250","RIVERSIDE-CBS-RADIO","Columbus","Ohio","Mozilla/5.0 (linux; u; android 4.1.1; ja-jp; sgpt12 build/tjs0166) applewebkit/534.30 (khtml, like gecko) version/4.0 safari/534.30 yjapp-android jp.co.yahoo.android.yjtop/2.1.8 evaliant",,"2016-04-28 06:56:36.076405","2016-04-28 06:56:36.076405"
21,"209.190.2.178","ag_04202016","300x250","RIVERSIDE-CBS-RADIO","Columbus","Ohio","Mozilla/5.0 (Windows NT 6.1; WOW64; rv:35.0) Gecko/20100101 Firefox/35.0 evaliant",,"2016-04-28 09:00:33.755647","2016-04-28 09:00:33.755647"
22,"94.249.212.180","ag_04202016","300x250","OXNARD-KHAY-FM","Homburg","Saarland","Mozilla/5.0 (Windows NT 6.1; WOW64) AppleWebKit/537.36 (KHTML, like Gecko) Chrome/41.0.2272.76 Safari/537.36",,"2016-04-28 09:49:43.669648","2016-04-28 09:49:43.669648"
23,"5.1.84.142","ag_04202016","300x250","OXNARD-KHAY-FM","Frankfurt am Main","Hessen","Mozilla/5.0 (Windows NT 6.1; WOW64; Trident/7.0; rv:11.0) like Gecko",,"2016-04-28 09:49:45.56147","2016-04-28 09:49:45.56147"
24,"94.249.212.183","ag_04202016","300x250","OXNARD-KHAY-FM","Homburg","Saarland","Mozilla/5.0 (Linux; Android 5.0.1; SAMSUNG GT-I9515 Build/LRX22C) AppleWebKit/537.36 (KHTML, like Gecko) SamsungBrowser/2.1 Chrome/34.0.1847.76 Mobile Safari/537.36",,"2016-04-28 13:40:38.548721","2016-04-28 13:40:38.548721"
25,"5.1.84.136","ag_04202016","300x250","OXNARD-KHAY-FM","Frankfurt am Main","Hessen","Mozilla/5.0 (Windows NT 6.1; WOW64) AppleWebKit/537.36 (KHTML, like Gecko) Chrome/40.0.2214.111 Safari/537.36",,"2016-04-28 13:40:40.668777","2016-04-28 13:40:40.668777"
26,"181.41.217.74","ag_04202016","160x600","OXNARD-KHAY-FM","Sao Paulo","Sao Paulo","Mozilla/5.0 (Linux; Android 5.0.1; SAMSUNG GT-I9515 Build/LRX22C) AppleWebKit/537.36 (KHTML, like Gecko) SamsungBrowser/2.1 Chrome/34.0.1847.76 Mobile Safari/537.36",,"2016-04-28 15:22:31.306764","2016-04-28 15:22:31.306764"
27,"181.41.217.57","ag_04202016","160x600","OXNARD-KHAY-FM","Sao Paulo","Sao Paulo","Mozilla/5.0 (Windows NT 6.1) AppleWebKit/537.36 (KHTML, like Gecko) Chrome/40.0.2214.111 Safari/537.36",,"2016-04-28 15:22:40.973202","2016-04-28 15:22:40.973202"
28,"66.117.9.146","ag_04202016","160x600","OXNARD-KHAY-FM","Los Angeles","California","mozilla/5.0 (windows nt 6.2; wow64) applewebkit/537.36 (khtml, like gecko) chrome/28.0.1500.72 safari/537.36",,"2016-04-28 15:23:37.62202","2016-04-28 15:23:37.62202"
29,"67.138.181.50","ag_04202016","728x90","PALMSPRINGS-KPSI","Wilsonville","Oregon","Mozilla/5.0 (Windows NT 6.1; Win64; x64) AppleWebKit/537.36 (KHTML, like Gecko) Chrome/50.0.2661.75 Safari/537.36",,"2016-04-28 16:14:19.357806","2016-04-28 16:14:19.357806"
30,"216.2.240.126","ag_04202016","300x250","OXNARD-KHAY-FM","Torrance","California","Mozilla/5.0 (Windows NT 6.1) AppleWebKit/537.36 (KHTML, like Gecko) Chrome/49.0.2623.112 Safari/537.36","http://www.951kbby.com/","2016-04-28 16:19:05.802316","2016-04-28 16:19:05.802316"
31,"216.2.240.126","ag_04202016","160x600","OXNARD-KHAY-FM","Torrance","California","Mozilla/5.0 (Windows NT 6.1) AppleWebKit/537.36 (KHTML, like Gecko) Chrome/49.0.2623.112 Safari/537.36","http://www.khay.com/","2016-04-28 16:20:11.535124","2016-04-28 16:20:11.535124"
80,"66.249.66.15","ag_04202016","160x600","OXNARD-KHAY-FM","Mountain View","California","Mozilla/5.0 (compatible; Googlebot/2.1; +http://www.google.com/bot.html)",,"2016-04-29 02:48:45.993848","2016-04-29 02:48:45.993848"
81,"66.249.66.6","ag_04202016","300x250","RIVERSIDE-CBS-RADIO","Mountain View","California","Mozilla/5.0 (compatible; Googlebot/2.1; +http://www.google.com/bot.html)",,"2016-04-29 02:49:23.158103","2016-04-29 02:49:23.158103"
82,"66.249.66.6","ag_04202016","728x90","OXNARD-KHAY-FM","Mountain View","California","Mozilla/5.0 (compatible; Googlebot/2.1; +http://www.google.com/bot.html)",,"2016-04-29 02:54:18.046316","2016-04-29 02:54:18.046316"
32,"64.233.172.243","ag_04202016","320x50","PALMSPRINGS-KPSI","Mountain View","California","Mozilla/5.0 (Linux; Android 5.1.1; SAMSUNG SM-G920T Build/LMY47X) AppleWebKit/537.36 (KHTML, like Gecko) SamsungBrowser/4.0 Chrome/44.0.2403.133 Mobile Safari/537.36","https://partner.googleadservices.com/gampad/ads?output=html&height=50&width=320&url=www.google.com&gct=G-gDJXwLB8MKngP4DAGKGJcDKpQDCAIQFEILdmlzaWJsZV91cmxKDC9wYWdlYWQvaWNsa1IAWICAgKDT_6eLtAFyALgBtofWzM8C8ALAAvgCMpADAMgDwALQAzLwAwLKBb8BaHR0cDovL3RyYWNrZXIudG1wZy5jb20vP3RyYWNrPVkyRnRjR0ZwWjI0OVlXZGZNRFF5TURJd01UWW1ZbUZ1Ym1WeVgzTnBlbVU5TXpJd2VEVXdKbk4wWVhScGIyNDlVRUZNVFZOUVVrbE9SMU10UzFCVFNTWnlaV1JwY21WamREMW9kSFJ3T2k4dmQzZDNMbUYxYzNSeVlXeHBZVzVuYjJ4a0xtTnZiUzh5TURFMkxXOW1abVZ5Y3k1b2RHMXPyBoMBaHR0cDovL3RyYWNrZXIudG1wZy5jb20vYXNzZXRzL3RyYWNrZXIuZ2lmP1kyRnRjR0ZwWjI0OVlXZGZNRFF5TURJd01UWW1ZbUZ1Ym1WeVgzTnBlbVU5TXpJd2VEVXdKbk4wWVhScGIyNDlVRUZNVFZOUVVrbE9SMU10UzFCVFNRPT0YkdjSwQQgATD_____BzgAYAA&iu=/7431846&gdfp_req=1&impl=ifr","2016-04-28 16:36:44.931501","2016-04-28 16:36:44.931501"
34,"66.102.8.249","ag_04202016","300x250","PALMSPRINGS-KPSI","Mountain View","California","Mozilla/5.0 (iPod touch; CPU iPhone OS 9_3_1 like Mac OS X) AppleWebKit/601.1.46 (KHTML, like Gecko) Version/9.0 Mobile/13E238 Safari/601.1","https://partner.googleadservices.com/gampad/ads?output=html&height=250&width=300&url=www.google.com&gct=f3Eh9NCRSPUKpAP4DAGKGJ0DKpoDCAIQFEILdmlzaWJsZV91cmxKDC9wYWdlYWQvaWNsa1IAWICAgKDT_6eTuQFyALgBrojWzM8C8AKsAvgC-gGQAwDIA6wC0AP6AfADAsoFwwFodHRwOi8vdHJhY2tlci50bXBnLmNvbS8_dHJhY2s9WTJGdGNHRnBaMjQ5WVdkZk1EUXlNREl3TVRZbVltRnVibVZ5WDNOcGVtVTlNekF3ZURJMU1DWnpkR0YwYVc5dVBWQkJURTFUVUZKSlRrZFRMVXRRVTBrbWNtVmthWEpsWTNROWFIUjBjRG92TDNkM2R5NWhkWE4wY21Gc2FXRnVaMjlzWkM1amIyMHZNakF4TmkxdlptWmxjbk11YUhSdGJBPT3yBoMBaHR0cDovL3RyYWNrZXIudG1wZy5jb20vYXNzZXRzL3RyYWNrZXIuZ2lmP1kyRnRjR0ZwWjI0OVlXZGZNRFF5TURJd01UWW1ZbUZ1Ym1WeVgzTnBlbVU5TnpJNGVEa3dKbk4wWVhScGIyNDlVRUZNVFZOUVVrbE9SMU10UzFCVFNRPT0YkdjSwQQgATD_____BzgAYAA&iu=/7431846&gdfp_req=1&impl=ifr","2016-04-28 16:36:45.600696","2016-04-28 16:36:45.600696"
41,"66.249.88.107","ag_04202016","300x250","PALMSPRINGS-KPSI","Mountain View","California","Mozilla/5.0 (Windows NT 6.3; WOW64; Trident/7.0; rv:11.0) like Gecko",,"2016-04-28 16:37:12.735976","2016-04-28 16:37:12.735976"
51,"66.102.8.254","ag_04202016","300x250","PALMSPRINGS-KKUU","Mountain View","California","Mozilla/5.0 (Windows NT 6.1; Win64; x64; Trident/7.0; rv:11.0) like Gecko",,"2016-04-28 16:59:12.283157","2016-04-28 16:59:12.283157"
52,"66.249.88.127","ag_04202016","970x90","PALMSPRINGS-KKUU","Mountain View","California","Mozilla/5.0 (iPhone; CPU iPhone OS 9_3_1 like Mac OS X) AppleWebKit/601.1.46 (KHTML, like Gecko) Mobile/13E238 [FBAN/FBIOS;FBAV/52.0.0.46.157;FBBV/26424168;FBDV/iPhone6,1;FBMD/iPhone;FBSN/iPhone OS;FBSV/9.3.1;FBSS/2; FBCR/AT&T;FBID/phone;FBLC/en_US;FBOP/5]","https://partner.googleadservices.com/gampad/ads?output=html&height=90&width=970&url=www.google.com&gct=BFqPYzvXYusKnQP4DAGKGJYDKpMDCAIQFEILdmlzaWJsZV91cmxKDC9wYWdlYWQvaWNsa1IAWICAgKDT_-foenIAuAHOw9_MzwLwAsoH-AJakAMAyAPKB9ADWvADAsoFvwFodHRwOi8vdHJhY2tlci50bXBnLmNvbS8_dHJhY2s9WTJGdGNHRnBaMjQ5WVdkZk1EUXlNREl3TVRZbVltRnVibVZ5WDNOcGVtVTlPVGN3ZURrd0puTjBZWFJwYjI0OVVFRk1UVk5RVWtsT1IxTXRTMHRWVlNaeVpXUnBjbVZqZEQxb2RIUndPaTh2ZDNkM0xtRjFjM1J5WVd4cFlXNW5iMnhrTG1OdmJTOHlNREUyTFc5bVptVnljeTVvZEcxc_IGgwFodHRwOi8vdHJhY2tlci50bXBnLmNvbS9hc3NldHMvdHJhY2tlci5naWY_WTJGdGNHRnBaMjQ5WVdkZk1EUXlNREl3TVRZbVltRnVibVZ5WDNOcGVtVTlPVGN3ZURrd0puTjBZWFJwYjI0OVVFRk1UVk5RVWtsT1IxTXRTMHRWVlE9PRiR2NLBBCABMP____8HOABgAA&iu=/7431846&gdfp_req=1&impl=ifr","2016-04-28 16:59:23.774961","2016-04-28 16:59:23.774961"
33,"64.233.172.249","ag_04202016","728x90","PALMSPRINGS-KPSI","Mountain View","California","Mozilla/5.0 (iPhone; CPU iPhone OS 8_0_2 like Mac OS X) AppleWebKit/600.1.4 (KHTML, like Gecko) Version/8.0 Mobile/12A405 Safari/600.1.4","https://partner.googleadservices.com/gampad/ads?output=html&height=90&width=728&url=www.google.com&gct=zdj5aE2nAyQKnQP4DAGKGJYDKpMDCAIQFEILdmlzaWJsZV91cmxKDC9wYWdlYWQvaWNsa1IAWICAgKDT_6eDanIAuAG-htbMzwLwAtgF-AJakAMAyAPYBdADWvADAsoFvwFodHRwOi8vdHJhY2tlci50bXBnLmNvbS8_dHJhY2s9WTJGdGNHRnBaMjQ5WVdkZk1EUXlNREl3TVRZbVltRnVibVZ5WDNOcGVtVTlOekk0ZURrd0puTjBZWFJwYjI0OVVFRk1UVk5RVWtsT1IxTXRTMUJUU1NaeVpXUnBjbVZqZEQxb2RIUndPaTh2ZDNkM0xtRjFjM1J5WVd4cFlXNW5iMnhrTG1OdmJTOHlNREUyTFc5bVptVnljeTVvZEcxc_IGgwFodHRwOi8vdHJhY2tlci50bXBnLmNvbS9hc3NldHMvdHJhY2tlci5naWY_WTJGdGNHRnBaMjQ5WVdkZk1EUXlNREl3TVRZbVltRnVibVZ5WDNOcGVtVTlOekk0ZURrd0puTjBZWFJwYjI0OVVFRk1UVk5RVWtsT1IxTXRTMUJUU1E9PRiR2NLBBCABMP____8HOABgAA&iu=/7431846&gdfp_req=1&impl=ifr","2016-04-28 16:36:45.091663","2016-04-28 16:36:45.091663"
35,"64.233.172.235","ag_04202016","300x250","PALMSPRINGS-KPSI","Mountain View","California","Mozilla/5.0 (Linux; Android 5.0; SM-G900V Build/LRX21T) AppleWebKit/537.36 (KHTML, like Gecko) Chrome/49.0.2623.105 Mobile Safari/537.36","https://partner.googleadservices.com/gampad/ads?output=html&height=250&width=300&url=www.google.com&gct=f3Eh9NCRSPUKpAP4DAGKGJ0DKpoDCAIQFEILdmlzaWJsZV91cmxKDC9wYWdlYWQvaWNsa1IAWICAgKDT_6eTuQFyALgBrojWzM8C8AKsAvgC-gGQAwDIA6wC0AP6AfADAsoFwwFodHRwOi8vdHJhY2tlci50bXBnLmNvbS8_dHJhY2s9WTJGdGNHRnBaMjQ5WVdkZk1EUXlNREl3TVRZbVltRnVibVZ5WDNOcGVtVTlNekF3ZURJMU1DWnpkR0YwYVc5dVBWQkJURTFUVUZKSlRrZFRMVXRRVTBrbWNtVmthWEpsWTNROWFIUjBjRG92TDNkM2R5NWhkWE4wY21Gc2FXRnVaMjlzWkM1amIyMHZNakF4TmkxdlptWmxjbk11YUhSdGJBPT3yBoMBaHR0cDovL3RyYWNrZXIudG1wZy5jb20vYXNzZXRzL3RyYWNrZXIuZ2lmP1kyRnRjR0ZwWjI0OVlXZGZNRFF5TURJd01UWW1ZbUZ1Ym1WeVgzTnBlbVU5TnpJNGVEa3dKbk4wWVhScGIyNDlVRUZNVFZOUVVrbE9SMU10UzFCVFNRPT0YkdjSwQQgATD_____BzgAYAA&iu=/7431846&gdfp_req=1&impl=ifr","2016-04-28 16:36:47.429938","2016-04-28 16:36:47.429938"
36,"64.233.172.235","ag_04202016","728x90","PALMSPRINGS-KPSI","Mountain View","California","Mozilla/5.0 (Linux; Android 4.4.4; en-us; SAMSUNG SGH-M919 Build/KTU84P) AppleWebKit/537.36 (KHTML, like Gecko) Version/1.5 Chrome/28.0.1500.94 Mobile Safari/537.36","https://partner.googleadservices.com/gampad/ads?output=html&height=90&width=728&url=www.google.com&gct=zdj5aE2nAyQKnQP4DAGKGJYDKpMDCAIQFEILdmlzaWJsZV91cmxKDC9wYWdlYWQvaWNsa1IAWICAgKDT_6eDanIAuAG-htbMzwLwAtgF-AJakAMAyAPYBdADWvADAsoFvwFodHRwOi8vdHJhY2tlci50bXBnLmNvbS8_dHJhY2s9WTJGdGNHRnBaMjQ5WVdkZk1EUXlNREl3TVRZbVltRnVibVZ5WDNOcGVtVTlOekk0ZURrd0puTjBZWFJwYjI0OVVFRk1UVk5RVWtsT1IxTXRTMUJUU1NaeVpXUnBjbVZqZEQxb2RIUndPaTh2ZDNkM0xtRjFjM1J5WVd4cFlXNW5iMnhrTG1OdmJTOHlNREUyTFc5bVptVnljeTVvZEcxc_IGgwFodHRwOi8vdHJhY2tlci50bXBnLmNvbS9hc3NldHMvdHJhY2tlci5naWY_WTJGdGNHRnBaMjQ5WVdkZk1EUXlNREl3TVRZbVltRnVibVZ5WDNOcGVtVTlOekk0ZURrd0puTjBZWFJwYjI0OVVFRk1UVk5RVWtsT1IxTXRTMUJUU1E9PRiR2NLBBCABMP____8HOABgAA&iu=/7431846&gdfp_req=1&impl=ifr","2016-04-28 16:36:48.430799","2016-04-28 16:36:48.430799"
37,"64.233.172.243","ag_04202016","320x50","PALMSPRINGS-KPSI","Mountain View","California","Mozilla/5.0 (iPhone; CPU iPhone OS 9_1 like Mac OS X) AppleWebKit/601.1.46 (KHTML, like Gecko) Mobile/13B143","https://partner.googleadservices.com/gampad/ads?output=html&height=50&width=320&url=www.google.com&gct=G-gDJXwLB8MKngP4DAGKGJcDKpQDCAIQFEILdmlzaWJsZV91cmxKDC9wYWdlYWQvaWNsa1IAWICAgKDT_6eLtAFyALgBtofWzM8C8ALAAvgCMpADAMgDwALQAzLwAwLKBb8BaHR0cDovL3RyYWNrZXIudG1wZy5jb20vP3RyYWNrPVkyRnRjR0ZwWjI0OVlXZGZNRFF5TURJd01UWW1ZbUZ1Ym1WeVgzTnBlbVU5TXpJd2VEVXdKbk4wWVhScGIyNDlVRUZNVFZOUVVrbE9SMU10UzFCVFNTWnlaV1JwY21WamREMW9kSFJ3T2k4dmQzZDNMbUYxYzNSeVlXeHBZVzVuYjJ4a0xtTnZiUzh5TURFMkxXOW1abVZ5Y3k1b2RHMXPyBoMBaHR0cDovL3RyYWNrZXIudG1wZy5jb20vYXNzZXRzL3RyYWNrZXIuZ2lmP1kyRnRjR0ZwWjI0OVlXZGZNRFF5TURJd01UWW1ZbUZ1Ym1WeVgzTnBlbVU5TXpJd2VEVXdKbk4wWVhScGIyNDlVRUZNVFZOUVVrbE9SMU10UzFCVFNRPT0YkdjSwQQgATD_____BzgAYAA&iu=/7431846&gdfp_req=1&impl=ifr","2016-04-28 16:36:50.178205","2016-04-28 16:36:50.178205"
42,"66.102.8.249","ag_04202016","320x50","PALMSPRINGS-KPSI","Mountain View","California","Mozilla/5.0 (Windows NT 6.1; WOW64; Trident/7.0; rv:11.0) like Gecko",,"2016-04-28 16:37:14.014827","2016-04-28 16:37:14.014827"
43,"64.233.172.243","ag_04202016","970x90","PALMSPRINGS-KPSI","Mountain View","California","Mozilla/5.0 (Windows NT 6.1; Win64; x64; Trident/7.0; rv:11.0) like Gecko",,"2016-04-28 16:37:50.917718","2016-04-28 16:37:50.917718"
47,"66.102.8.249","ag_04202016","300x250","PALMSPRINGS-KKUU","Mountain View","California","Mozilla/5.0 (iPhone; CPU iPhone OS 9_3_1 like Mac OS X) AppleWebKit/601.1.46 (KHTML, like Gecko) Version/9.0 Mobile/13E238 Safari/601.1","https://partner.googleadservices.com/gampad/ads?output=html&height=250&width=300&url=www.google.com&gct=5RaFTMAraAQKpAP4DAGKGJ0DKpoDCAIQFEILdmlzaWJsZV91cmxKDC9wYWdlYWQvaWNsa1IAWICAgKDT__upVXIAuAGux9_MzwLwAqwC-AL6AZADAMgDrALQA_oB8AMCygXDAWh0dHA6Ly90cmFja2VyLnRtcGcuY29tLz90cmFjaz1ZMkZ0Y0dGcFoyNDlZV2RmTURReU1ESXdNVFltWW1GdWJtVnlYM05wZW1VOU16QXdlREkxTUNaemRHRjBhVzl1UFZCQlRFMVRVRkpKVGtkVExVdExWVlVtY21Wa2FYSmxZM1E5YUhSMGNEb3ZMM2QzZHk1aGRYTjBjbUZzYVdGdVoyOXNaQzVqYjIwdk1qQXhOaTF2Wm1abGNuTXVhSFJ0YkE9PfIGhAFodHRwOi8vdHJhY2tlci50bXBnLmNvbS9hc3NldHMvdHJhY2tlci5naWY_WTJGdGNHRnBaMjQ5WVdkZk1EUXlNREl3TVRZbVltRnVibVZ5WDNOcGVtVTlNekF3ZURJMU1DWnpkR0YwYVc5dVBWQkJURTFUVUZKSlRrZFRMVXRMVlZVPT0YkdjSwQQgATD_____BzgAYAA&iu=/7431846&gdfp_req=1&impl=ifr","2016-04-28 16:59:04.894575","2016-04-28 16:59:04.894575"
48,"66.102.8.254","ag_04202016","320x50","PALMSPRINGS-KKUU","Mountain View","California","Mozilla/5.0 (iPhone; CPU iPhone OS 9_3_1 like Mac OS X) AppleWebKit/601.1.46 (KHTML, like Gecko) Mobile/13E238","https://partner.googleadservices.com/gampad/ads?output=html&height=50&width=320&url=www.google.com&gct=_kYkzucY2u4KnQP4DAGKGJYDKpMDCAIQFEILdmlzaWJsZV91cmxKDC9wYWdlYWQvaWNsa1IAWICAgKDT__uLc3IAuAG2xt_MzwLwAsAC-AIykAMAyAPAAtADMvADAsoFvwFodHRwOi8vdHJhY2tlci50bXBnLmNvbS8_dHJhY2s9WTJGdGNHRnBaMjQ5WVdkZk1EUXlNREl3TVRZbVltRnVibVZ5WDNOcGVtVTlNekl3ZURVd0puTjBZWFJwYjI0OVVFRk1UVk5RVWtsT1IxTXRTMHRWVlNaeVpXUnBjbVZqZEQxb2RIUndPaTh2ZDNkM0xtRjFjM1J5WVd4cFlXNW5iMnhrTG1OdmJTOHlNREUyTFc5bVptVnljeTVvZEcxc_IGgwFodHRwOi8vdHJhY2tlci50bXBnLmNvbS9hc3NldHMvdHJhY2tlci5naWY_WTJGdGNHRnBaMjQ5WVdkZk1EUXlNREl3TVRZbVltRnVibVZ5WDNOcGVtVTlNekl3ZURVd0puTjBZWFJwYjI0OVVFRk1UVk5RVWtsT1IxTXRTMHRWVlE9PRiR2NLBBCABMP____8HOABgAA&iu=/7431846&gdfp_req=1&impl=ifr","2016-04-28 16:59:06.616758","2016-04-28 16:59:06.616758"
50,"66.102.8.249","ag_04202016","320x50","PALMSPRINGS-KKUU","Mountain View","California","Mozilla/5.0 (Windows NT 6.3; WOW64; Trident/7.0; Touch; rv:11.0) like Gecko",,"2016-04-28 16:59:10.788527","2016-04-28 16:59:10.788527"
38,"64.233.172.249","ag_04202016","970x90","PALMSPRINGS-KPSI","Mountain View","California","Mozilla/5.0 (iPhone; CPU iPhone OS 7_1_1 like Mac OS X) AppleWebKit/537.51.2 (KHTML, like Gecko) Version/7.0 Mobile/11D201 Safari/9537.53","https://partner.googleadservices.com/gampad/ads?output=html&height=90&width=970&url=www.google.com&gct=h8rULGX2CGoKngP4DAGKGJcDKpQDCAIQFEILdmlzaWJsZV91cmxKDC9wYWdlYWQvaWNsa1IAWICAgKDT_6eD9wFyALgBxoXWzM8C8ALKB_gCWpADAMgDygfQA1rwAwLKBb8BaHR0cDovL3RyYWNrZXIudG1wZy5jb20vP3RyYWNrPVkyRnRjR0ZwWjI0OVlXZGZNRFF5TURJd01UWW1ZbUZ1Ym1WeVgzTnBlbVU5T1Rjd2VEa3dKbk4wWVhScGIyNDlVRUZNVFZOUVVrbE9SMU10UzFCVFNTWnlaV1JwY21WamREMW9kSFJ3T2k4dmQzZDNMbUYxYzNSeVlXeHBZVzVuYjJ4a0xtTnZiUzh5TURFMkxXOW1abVZ5Y3k1b2RHMXPyBoMBaHR0cDovL3RyYWNrZXIudG1wZy5jb20vYXNzZXRzL3RyYWNrZXIuZ2lmP1kyRnRjR0ZwWjI0OVlXZGZNRFF5TURJd01UWW1ZbUZ1Ym1WeVgzTnBlbVU5T1Rjd2VEa3dKbk4wWVhScGIyNDlVRUZNVFZOUVVrbE9SMU10UzFCVFNRPT0YkdjSwQQgATD_____BzgAYAA&iu=/7431846&gdfp_req=1&impl=ifr","2016-04-28 16:36:50.95178","2016-04-28 16:36:50.95178"
39,"64.233.172.249","ag_04202016","970x90","PALMSPRINGS-KPSI","Mountain View","California","Mozilla/5.0 (iPhone; CPU iPhone OS 9_1 like Mac OS X) AppleWebKit/601.1.46 (KHTML, like Gecko) Mobile/13B143","https://partner.googleadservices.com/gampad/ads?output=html&height=90&width=970&url=www.google.com&gct=h8rULGX2CGoKngP4DAGKGJcDKpQDCAIQFEILdmlzaWJsZV91cmxKDC9wYWdlYWQvaWNsa1IAWICAgKDT_6eD9wFyALgBxoXWzM8C8ALKB_gCWpADAMgDygfQA1rwAwLKBb8BaHR0cDovL3RyYWNrZXIudG1wZy5jb20vP3RyYWNrPVkyRnRjR0ZwWjI0OVlXZGZNRFF5TURJd01UWW1ZbUZ1Ym1WeVgzTnBlbVU5T1Rjd2VEa3dKbk4wWVhScGIyNDlVRUZNVFZOUVVrbE9SMU10UzFCVFNTWnlaV1JwY21WamREMW9kSFJ3T2k4dmQzZDNMbUYxYzNSeVlXeHBZVzVuYjJ4a0xtTnZiUzh5TURFMkxXOW1abVZ5Y3k1b2RHMXPyBoMBaHR0cDovL3RyYWNrZXIudG1wZy5jb20vYXNzZXRzL3RyYWNrZXIuZ2lmP1kyRnRjR0ZwWjI0OVlXZGZNRFF5TURJd01UWW1ZbUZ1Ym1WeVgzTnBlbVU5T1Rjd2VEa3dKbk4wWVhScGIyNDlVRUZNVFZOUVVrbE9SMU10UzFCVFNRPT0YkdjSwQQgATD_____BzgAYAA&iu=/7431846&gdfp_req=1&impl=ifr","2016-04-28 16:36:51.145676","2016-04-28 16:36:51.145676"
40,"66.102.8.254","ag_04202016","728x90","PALMSPRINGS-KPSI","Mountain View","California","Mozilla/5.0 (Windows NT 6.1; WOW64; Trident/7.0; rv:11.0) like Gecko",,"2016-04-28 16:37:07.927509","2016-04-28 16:37:07.927509"
44,"66.102.8.254","ag_04202016","970x90","PALMSPRINGS-KKUU","Mountain View","California","Mozilla/5.0 (iPhone; CPU iPhone OS 9_2_1 like Mac OS X) AppleWebKit/601.1.46 (KHTML, like Gecko) Version/9.0 Mobile/13D15 Safari/601.1","https://partner.googleadservices.com/gampad/ads?output=html&height=90&width=970&url=www.google.com&gct=BFqPYzvXYusKnQP4DAGKGJYDKpMDCAIQFEILdmlzaWJsZV91cmxKDC9wYWdlYWQvaWNsa1IAWICAgKDT_-foenIAuAHOw9_MzwLwAsoH-AJakAMAyAPKB9ADWvADAsoFvwFodHRwOi8vdHJhY2tlci50bXBnLmNvbS8_dHJhY2s9WTJGdGNHRnBaMjQ5WVdkZk1EUXlNREl3TVRZbVltRnVibVZ5WDNOcGVtVTlPVGN3ZURrd0puTjBZWFJwYjI0OVVFRk1UVk5RVWtsT1IxTXRTMHRWVlNaeVpXUnBjbVZqZEQxb2RIUndPaTh2ZDNkM0xtRjFjM1J5WVd4cFlXNW5iMnhrTG1OdmJTOHlNREUyTFc5bVptVnljeTVvZEcxc_IGgwFodHRwOi8vdHJhY2tlci50bXBnLmNvbS9hc3NldHMvdHJhY2tlci5naWY_WTJGdGNHRnBaMjQ5WVdkZk1EUXlNREl3TVRZbVltRnVibVZ5WDNOcGVtVTlPVGN3ZURrd0puTjBZWFJwYjI0OVVFRk1UVk5RVWtsT1IxTXRTMHRWVlE9PRiR2NLBBCABMP____8HOABgAA&iu=/7431846&gdfp_req=1&impl=ifr","2016-04-28 16:59:01.940211","2016-04-28 16:59:01.940211"
49,"66.102.8.254","ag_04202016","970x90","PALMSPRINGS-KKUU","Mountain View","California","Mozilla/5.0 (Windows NT 6.3; Win64; x64; Trident/7.0; rv:11.0) like Gecko",,"2016-04-28 16:59:09.821417","2016-04-28 16:59:09.821417"
45,"64.233.172.243","ag_04202016","320x50","PALMSPRINGS-KKUU","Mountain View","California","Mozilla/5.0 (Linux; Android 5.1.1; SM-G900T Build/LMY47X) AppleWebKit/537.36 (KHTML, like Gecko) Chrome/49.0.2623.105 Mobile Safari/537.36","https://partner.googleadservices.com/gampad/ads?output=html&height=50&width=320&url=www.google.com&gct=_kYkzucY2u4KnQP4DAGKGJYDKpMDCAIQFEILdmlzaWJsZV91cmxKDC9wYWdlYWQvaWNsa1IAWICAgKDT__uLc3IAuAG2xt_MzwLwAsAC-AIykAMAyAPAAtADMvADAsoFvwFodHRwOi8vdHJhY2tlci50bXBnLmNvbS8_dHJhY2s9WTJGdGNHRnBaMjQ5WVdkZk1EUXlNREl3TVRZbVltRnVibVZ5WDNOcGVtVTlNekl3ZURVd0puTjBZWFJwYjI0OVVFRk1UVk5RVWtsT1IxTXRTMHRWVlNaeVpXUnBjbVZqZEQxb2RIUndPaTh2ZDNkM0xtRjFjM1J5WVd4cFlXNW5iMnhrTG1OdmJTOHlNREUyTFc5bVptVnljeTVvZEcxc_IGgwFodHRwOi8vdHJhY2tlci50bXBnLmNvbS9hc3NldHMvdHJhY2tlci5naWY_WTJGdGNHRnBaMjQ5WVdkZk1EUXlNREl3TVRZbVltRnVibVZ5WDNOcGVtVTlNekl3ZURVd0puTjBZWFJwYjI0OVVFRk1UVk5RVWtsT1IxTXRTMHRWVlE9PRiR2NLBBCABMP____8HOABgAA&iu=/7431846&gdfp_req=1&impl=ifr","2016-04-28 16:59:02.76048","2016-04-28 16:59:02.76048"
46,"64.233.172.249","ag_04202016","300x250","PALMSPRINGS-KKUU","Mountain View","California","Mozilla/5.0 (iPhone; CPU iPhone OS 9_2_1 like Mac OS X) AppleWebKit/601.1.46 (KHTML, like Gecko) Mobile/13D15","https://partner.googleadservices.com/gampad/ads?output=html&height=250&width=300&url=www.google.com&gct=5RaFTMAraAQKpAP4DAGKGJ0DKpoDCAIQFEILdmlzaWJsZV91cmxKDC9wYWdlYWQvaWNsa1IAWICAgKDT__upVXIAuAGux9_MzwLwAqwC-AL6AZADAMgDrALQA_oB8AMCygXDAWh0dHA6Ly90cmFja2VyLnRtcGcuY29tLz90cmFjaz1ZMkZ0Y0dGcFoyNDlZV2RmTURReU1ESXdNVFltWW1GdWJtVnlYM05wZW1VOU16QXdlREkxTUNaemRHRjBhVzl1UFZCQlRFMVRVRkpKVGtkVExVdExWVlVtY21Wa2FYSmxZM1E5YUhSMGNEb3ZMM2QzZHk1aGRYTjBjbUZzYVdGdVoyOXNaQzVqYjIwdk1qQXhOaTF2Wm1abGNuTXVhSFJ0YkE9PfIGhAFodHRwOi8vdHJhY2tlci50bXBnLmNvbS9hc3NldHMvdHJhY2tlci5naWY_WTJGdGNHRnBaMjQ5WVdkZk1EUXlNREl3TVRZbVltRnVibVZ5WDNOcGVtVTlNekF3ZURJMU1DWnpkR0YwYVc5dVBWQkJURTFUVUZKSlRrZFRMVXRMVlZVPT0YkdjSwQQgATD_____BzgAYAA&iu=/7431846&gdfp_req=1&impl=ifr","2016-04-28 16:59:04.746998","2016-04-28 16:59:04.746998"
53,"5.178.99.9","ag_04202016","160x600","OXNARD-KHAY-FM","Hook","Wales","Mozilla/5.0 (Linux; Android 4.4.2; GT-I9505 Build/JDQ39) AppleWebKit/537.36 (KHTML, like Gecko) Version/1.5 Chrome/28.0.1500.94 Mobile Safari/537.36",,"2016-04-28 17:30:37.451891","2016-04-28 17:30:37.451891"
54,"5.178.99.10","ag_04202016","160x600","OXNARD-KHAY-FM","Hook","Wales","Mozilla/5.0 (Windows NT 6.1; WOW64) AppleWebKit/537.36 (KHTML, like Gecko) Chrome/40.0.2214.115 Safari/537.36",,"2016-04-28 17:30:38.850752","2016-04-28 17:30:38.850752"
55,"198.101.81.102","ag_04202016","728x90","PALMSPRINGS-KPSI","Rancho Cucamonga","California","Mozilla/5.0 (Windows NT 6.1) AppleWebKit/537.36 (KHTML, like Gecko) Chrome/49.0.2623.112 Safari/537.36","http://www.mix1005.fm/","2016-04-28 17:43:59.504398","2016-04-28 17:43:59.504398"
56,"38.131.160.6","ag_04202016","300x250","OXNARD-KHAY-FM","San Francisco","California","Mozilla/5.0 (iPhone; CPU iPhone OS 8_0 like Mac OS X) AppleWebKit/600.1.3 (KHTML, like Gecko) Version/8.0 Mobile/12A4345d Safari/600.1.4",,"2016-04-28 18:06:33.708652","2016-04-28 18:06:33.708652"
57,"199.167.128.20","ag_04202016","300x250","OXNARD-KHAY-FM","Montreal","Quebec","Mozilla/5.0 (Windows NT 6.1; WOW64; rv:36.0) Gecko/20100101 Firefox/36.0",,"2016-04-28 18:06:36.086217","2016-04-28 18:06:36.086217"
58,"67.52.164.144","ag_04202016","300x250","PALMSPRINGS-KPSI","Indio","California","Mozilla/5.0 (Windows NT 6.1; WOW64) AppleWebKit/537.36 (KHTML, like Gecko) Chrome/48.0.2564.109 Safari/537.36","http://www.mix1005.fm/","2016-04-28 19:19:02.359226","2016-04-28 19:19:02.359226"
59,"23.108.12.17","ag_04202016","320x50","OXNARD-KHAY-FM","New York City","New York","Mozilla/5.0 (Windows NT 6.1; WOW64; rv:36.0) Gecko/20100101 Firefox/36.0",,"2016-04-28 19:19:43.09162","2016-04-28 19:19:43.09162"
60,"23.82.35.0","ag_04202016","320x50","OXNARD-KHAY-FM","Phoenix","Arizona","Mozilla/5.0 (Windows NT 6.1; WOW64) AppleWebKit/537.36 (KHTML, like Gecko) Chrome/42.0.2311.135 Safari/537.36",,"2016-04-28 19:19:46.217302","2016-04-28 19:19:46.217302"
61,"216.2.240.126","ag_04202016","728x90","OXNARD-KHAY-FM","Torrance","California","Mozilla/5.0 (Windows NT 10.0; WOW64) AppleWebKit/537.36 (KHTML, like Gecko) Chrome/49.0.2623.112 Safari/537.36",,"2016-04-28 20:46:32.136166","2016-04-28 20:46:32.136166"
62,"216.2.240.126","ag_04202016","728x90","OXNARD-KBBY-FM","Torrance","California","Mozilla/5.0 (Windows NT 10.0; WOW64) AppleWebKit/537.36 (KHTML, like Gecko) Chrome/49.0.2623.112 Safari/537.36",,"2016-04-28 20:47:12.211396","2016-04-28 20:47:12.211396"
63,"66.249.66.10","ag_04202016","300x250","PALMSPRINGS-KPSI","Mountain View","California","Mozilla/5.0 (compatible; Googlebot/2.1; +http://www.google.com/bot.html)",,"2016-04-28 21:30:38.895315","2016-04-28 21:30:38.895315"
64,"66.249.66.6","ag_04202016","320x50","OXNARD-KHAY-FM","Mountain View","California","Mozilla/5.0 (compatible; Googlebot/2.1; +http://www.google.com/bot.html)",,"2016-04-28 21:30:48.038523","2016-04-28 21:30:48.038523"
65,"66.249.66.10","ag_04202016","970x90","PALMSPRINGS-KKUU","Mountain View","California","Mozilla/5.0 (compatible; Googlebot/2.1; +http://www.google.com/bot.html)",,"2016-04-28 21:31:04.124159","2016-04-28 21:31:04.124159"
66,"66.249.66.10","ag_04202016","320x50","PALMSPRINGS-KKUU","Mountain View","California","Mozilla/5.0 (compatible; Googlebot/2.1; +http://www.google.com/bot.html)",,"2016-04-28 21:31:04.501332","2016-04-28 21:31:04.501332"
67,"66.249.66.6","ag_04202016","320x50","PALMSPRINGS-KPSI","Mountain View","California","Mozilla/5.0 (compatible; Googlebot/2.1; +http://www.google.com/bot.html)",,"2016-04-28 21:31:13.516015","2016-04-28 21:31:13.516015"
68,"216.2.240.126","ag_04202016","160x600","OXNARD-KHAY-FM","Torrance","California","Mozilla/5.0 (Windows NT 6.1) AppleWebKit/537.36 (KHTML, like Gecko) Chrome/49.0.2623.112 Safari/537.36","http://www.khay.com/","2016-04-28 21:40:49.502974","2016-04-28 21:40:49.502974"
69,"66.249.66.6","ag_04202016","970x90","PALMSPRINGS-KPSI","Mountain View","California","Mozilla/5.0 (compatible; Googlebot/2.1; +http://www.google.com/bot.html)",,"2016-04-28 21:55:11.889464","2016-04-28 21:55:11.889464"
70,"66.249.66.10","ag_04202016","728x90","PALMSPRINGS-KPSI","Mountain View","California","Mozilla/5.0 (compatible; Googlebot/2.1; +http://www.google.com/bot.html)",,"2016-04-28 21:55:48.209884","2016-04-28 21:55:48.209884"
71,"66.249.66.6","ag_04202016","300x250","PALMSPRINGS-KKUU","Mountain View","California","Mozilla/5.0 (compatible; Googlebot/2.1; +http://www.google.com/bot.html)",,"2016-04-28 21:55:57.95881","2016-04-28 21:55:57.95881"
72,"216.2.240.126","ag_04202016","160x600","OXNARD-KHAY-FM","Torrance","California","Mozilla/5.0 (Windows NT 6.1) AppleWebKit/537.36 (KHTML, like Gecko) Chrome/49.0.2623.112 Safari/537.36","http://www.951kbby.com/","2016-04-28 22:53:10.975034","2016-04-28 22:53:10.975034"
73,"173.51.188.178","ag_04202016","160x600","OXNARD-KHAY-FM","Westlake Village","California","Mozilla/5.0 (Windows NT 6.1; rv:45.0) Gecko/20100101 Firefox/45.0","http://www.khay.com/","2016-04-29 00:21:21.318124","2016-04-29 00:21:21.318124"
74,"5.1.84.134","ag_04202016","320x50","OXNARD-KHAY-FM","Frankfurt am Main","Hessen","Mozilla/5.0 (Windows; U; Windows NT 6.0; en-US) AppleWebKit/528.16 (KHTML, like Gecko) Version/4.0 Safari/528.16",,"2016-04-29 00:47:55.131913","2016-04-29 00:47:55.131913"
75,"94.249.212.185","ag_04202016","320x50","OXNARD-KHAY-FM","Homburg","Saarland","Mozilla/5.0 (Windows NT 6.3; WOW64) AppleWebKit/537.36 (KHTML, like Gecko) Chrome/40.0.2214.111 Safari/537.36",,"2016-04-29 00:47:57.169539","2016-04-29 00:47:57.169539"
76,"51.254.8.220","ag_04202016","160x600","OXNARD-KHAY-FM","Roubaix","Nord-Pas-de-Calais","Mozilla/5.0 (Windows NT 6.3; WOW64; rv:35.0) Gecko/20100101 Firefox/35.0",,"2016-04-29 02:22:11.633757","2016-04-29 02:22:11.633757"
77,"149.202.230.171","ag_04202016","160x600","OXNARD-KHAY-FM","Roubaix","Nord-Pas-de-Calais","Mozilla/5.0 (Windows NT 6.1; WOW64) AppleWebKit/537.36 (KHTML, like Gecko) Chrome/41.0.2272.76 Safari/537.36",,"2016-04-29 02:22:13.100238","2016-04-29 02:22:13.100238"
78,"151.236.14.57","ag_04202016","320x50","OXNARD-KHAY-FM","Amsterdam","Noord-Holland","Mozilla/5.0 (Windows NT 6.1; WOW64) AppleWebKit/537.36 (KHTML, like Gecko) Chrome/41.0.2272.76 Safari/537.36",,"2016-04-29 02:31:41.985432","2016-04-29 02:31:41.985432"
79,"192.121.17.49","ag_04202016","320x50","OXNARD-KHAY-FM","Stockholm","Stockholms Lan","Mozilla/5.0 (Windows NT 6.1; WOW64) AppleWebKit/537.36 (KHTML, like Gecko) Chrome/42.0.2311.135 Safari/537.36",,"2016-04-29 02:31:44.002703","2016-04-29 02:31:44.002703"
83,"66.249.66.6","ag_04202016","300x250","OXNARD-KHAY-FM","Mountain View","California","Mozilla/5.0 (compatible; Googlebot/2.1; +http://www.google.com/bot.html)",,"2016-04-29 03:03:46.218431","2016-04-29 03:03:46.218431"
84,"172.112.17.219","ag_04202016","320x50","OXNARD-KHAY-FM","Westlake Village","California","Mozilla/5.0 (iPhone; CPU iPhone OS 9_2_1 like Mac OS X) AppleWebKit/601.1.46 (KHTML, like Gecko) Version/9.0 Mobile/13D15 Safari/601.1",,"2016-04-29 03:40:13.302138","2016-04-29 03:40:13.302138"
88,"5.178.99.10","ag_04202016","160x600","OXNARD-KHAY-FM","Bartley","England","Mozilla/5.0 (Windows NT 6.1; WOW64) AppleWebKit/537.36 (KHTML, like Gecko) Chrome/40.0.2214.111 Safari/537.36",,"2016-04-29 07:47:13.289226","2016-04-29 07:47:13.289226"
92,"192.121.16.254","ag_04202016","320x50","OXNARD-KHAY-FM","Stockholm","Stockholms Lan","Mozilla/5.0 (Windows NT 6.1) AppleWebKit/537.36 (KHTML, like Gecko) Chrome/40.0.2214.115 Safari/537.36",,"2016-04-29 09:30:45.629124","2016-04-29 09:30:45.629124"
93,"5.1.84.137","ag_04202016","160x600","OXNARD-KHAY-FM","Frankfurt am Main","Hessen","Mozilla/5.0 (Windows NT 6.1; WOW64) AppleWebKit/537.36 (KHTML, like Gecko) Chrome/40.0.2214.115 Safari/537.36",,"2016-04-29 14:30:19.316214","2016-04-29 14:30:19.316214"
105,"66.249.66.15","ag_04202016","728x90","OXNARD-KHAY-FM","Mountain View","California","Mozilla/5.0 (compatible; Googlebot/2.1; +http://www.google.com/bot.html)",,"2016-04-30 02:59:01.771521","2016-04-30 02:59:01.771521"
107,"66.249.66.10","ag_04202016","300x250","RIVERSIDE-CBS-RADIO","Mountain View","California","Mozilla/5.0 (compatible; Googlebot/2.1; +http://www.google.com/bot.html)",,"2016-04-30 03:47:38.995181","2016-04-30 03:47:38.995181"
85,"92.222.192.84","ag_04202016","320x50","OXNARD-KHAY-FM","Roubaix","Nord-Pas-de-Calais","Mozilla/5.0 (compatible; MSIE 10.0; Windows Phone 8.0; Trident/6.0; IEMobile/10.0; ARM; Touch; NOKIA; Lumia 820)",,"2016-04-29 05:53:06.957151","2016-04-29 05:53:06.957151"
87,"66.117.9.146","ag_04202016","160x600","OXNARD-KHAY-FM","Los Angeles","California","mozilla/5.0 (windows nt 6.2; wow64) applewebkit/537.36 (khtml, like gecko) chrome/28.0.1500.72 safari/537.36",,"2016-04-29 06:30:22.00574","2016-04-29 06:30:22.00574"
90,"71.111.240.34","ag_04202016","320x50","PALMSPRINGS-KKUU","Indio","California","Mozilla/5.0 (Linux; Android 5.1; HTC One M9 Build/LMY47O) AppleWebKit/537.36 (KHTML, like Gecko) Chrome/50.0.2661.89 Mobile Safari/537.36","http://www.u927.com/","2016-04-29 08:24:11.145499","2016-04-29 08:24:11.145499"
95,"67.52.164.137","ag_04202016","970x90","PALMSPRINGS-KPSI","Palm Desert","California","Mozilla/5.0 (Windows NT 6.1; WOW64) AppleWebKit/537.36 (KHTML, like Gecko) Chrome/49.0.2623.87 Safari/537.36","http://www.mix1005.fm/","2016-04-29 14:42:14.925879","2016-04-29 14:42:14.925879"
96,"66.249.66.6","ag_04202016","300x250","PALMSPRINGS-KKUU","Mountain View","California","Mozilla/5.0 (compatible; Googlebot/2.1; +http://www.google.com/bot.html)",,"2016-04-29 20:41:10.26458","2016-04-29 20:41:10.26458"
98,"66.87.131.245","ag_04202016","320x50","PALMSPRINGS-KPSI","Anaheim","California","Mozilla/5.0 (iPhone; CPU iPhone OS 9_2_1 like Mac OS X) AppleWebKit/601.1.46 (KHTML, like Gecko) Version/9.0 Mobile/13D15 Safari/601.1",,"2016-04-29 20:42:04.994481","2016-04-29 20:42:04.994481"
100,"66.249.66.6","ag_04202016","320x50","PALMSPRINGS-KKUU","Mountain View","California","Mozilla/5.0 (compatible; Googlebot/2.1; +http://www.google.com/bot.html)",,"2016-04-29 20:50:50.576294","2016-04-29 20:50:50.576294"
102,"66.249.66.15","ag_04202016","300x250","PALMSPRINGS-KPSI","Mountain View","California","Mozilla/5.0 (compatible; Googlebot/2.1; +http://www.google.com/bot.html)",,"2016-04-29 21:02:03.555003","2016-04-29 21:02:03.555003"
104,"66.249.66.15","ag_04202016","320x50","PALMSPRINGS-KPSI","Mountain View","California","Mozilla/5.0 (compatible; Googlebot/2.1; +http://www.google.com/bot.html)",,"2016-04-29 21:11:54.043605","2016-04-29 21:11:54.043605"
106,"66.249.66.10","ag_04202016","300x250","OXNARD-KHAY-FM","Mountain View","California","Mozilla/5.0 (compatible; Googlebot/2.1; +http://www.google.com/bot.html)",,"2016-04-30 02:59:10.04545","2016-04-30 02:59:10.04545"
108,"66.249.66.10","ag_04202016","160x600","OXNARD-KHAY-FM","Mountain View","California","Mozilla/5.0 (compatible; Googlebot/2.1; +http://www.google.com/bot.html)",,"2016-04-30 03:47:57.716252","2016-04-30 03:47:57.716252"
86,"37.59.68.153","ag_04202016","320x50","OXNARD-KHAY-FM","Roubaix","Nord-Pas-de-Calais","Mozilla/5.0 (Windows NT 6.1) AppleWebKit/537.36 (KHTML, like Gecko) Chrome/40.0.2214.115 Safari/537.36",,"2016-04-29 05:53:09.322876","2016-04-29 05:53:09.322876"
97,"66.249.66.6","ag_04202016","970x90","PALMSPRINGS-KKUU","Mountain View","California","Mozilla/5.0 (compatible; Googlebot/2.1; +http://www.google.com/bot.html)",,"2016-04-29 20:41:12.659344","2016-04-29 20:41:12.659344"
99,"66.249.66.6","ag_04202016","320x50","OXNARD-KHAY-FM","Mountain View","California","Mozilla/5.0 (compatible; Googlebot/2.1; +http://www.google.com/bot.html)",,"2016-04-29 20:50:33.618674","2016-04-29 20:50:33.618674"
101,"66.249.66.6","ag_04202016","970x90","PALMSPRINGS-KPSI","Mountain View","California","Mozilla/5.0 (compatible; Googlebot/2.1; +http://www.google.com/bot.html)",,"2016-04-29 20:51:21.367353","2016-04-29 20:51:21.367353"
103,"66.249.66.6","ag_04202016","728x90","PALMSPRINGS-KPSI","Mountain View","California","Mozilla/5.0 (compatible; Googlebot/2.1; +http://www.google.com/bot.html)",,"2016-04-29 21:06:42.909876","2016-04-29 21:06:42.909876"
89,"212.113.137.18","ag_04202016","160x600","OXNARD-KHAY-FM","London","England","Mozilla/5.0 (Windows NT 6.1; WOW64) AppleWebKit/537.36 (KHTML, like Gecko) Chrome/41.0.2272.76 Safari/537.36",,"2016-04-29 07:47:16.179372","2016-04-29 07:47:16.179372"
91,"151.236.28.128","ag_04202016","320x50","OXNARD-KHAY-FM","Amsterdam","Noord-Holland","Mozilla/5.0 (Linux; U; Android 4.0.3; ko-kr; LG-L160L Build/IML74K) AppleWebkit/534.30 (KHTML, like Gecko) Version/4.0 Mobile Safari/534.30",,"2016-04-29 09:30:43.682298","2016-04-29 09:30:43.682298"
94,"94.249.212.181","ag_04202016","160x600","OXNARD-KHAY-FM","Homburg","Saarland","Mozilla/5.0 (Windows NT 6.1; WOW64; rv:35.0) Gecko/20100101 Firefox/35.0",,"2016-04-29 14:30:26.443739","2016-04-29 14:30:26.443739"
109,"207.182.132.202","ag_04202016","300x250","RIVERSIDE-CBS-RADIO","Columbus","Ohio","Mozilla/5.0 (Windows NT 6.1; WOW64) AppleWebKit/537.36 (KHTML, like Gecko) Chrome/42.0.2311.90 Safari/537.36 evaliant",,"2016-04-30 12:27:13.920187","2016-04-30 12:27:13.920187"
110,"66.249.66.15","ag_04202016","970x90","PALMSPRINGS-KKUU","Mountain View","California","Mozilla/5.0 (compatible; Googlebot/2.1; +http://www.google.com/bot.html)",,"2016-04-30 20:40:21.753864","2016-04-30 20:40:21.753864"
111,"66.249.66.10","ag_04202016","300x250","PALMSPRINGS-KKUU","Mountain View","California","Mozilla/5.0 (compatible; Googlebot/2.1; +http://www.google.com/bot.html)",,"2016-04-30 20:40:24.081373","2016-04-30 20:40:24.081373"
112,"66.249.66.6","ag_04202016","320x50","OXNARD-KHAY-FM","Mountain View","California","Mozilla/5.0 (compatible; Googlebot/2.1; +http://www.google.com/bot.html)",,"2016-04-30 20:43:51.579363","2016-04-30 20:43:51.579363"
113,"66.249.66.15","ag_04202016","300x250","PALMSPRINGS-KPSI","Mountain View","California","Mozilla/5.0 (compatible; Googlebot/2.1; +http://www.google.com/bot.html)",,"2016-04-30 20:59:31.568131","2016-04-30 20:59:31.568131"
114,"66.249.66.10","ag_04202016","320x50","PALMSPRINGS-KPSI","Mountain View","California","Mozilla/5.0 (compatible; Googlebot/2.1; +http://www.google.com/bot.html)",,"2016-04-30 21:10:29.239035","2016-04-30 21:10:29.239035"
115,"66.249.66.15","ag_04202016","970x90","PALMSPRINGS-KPSI","Mountain View","California","Mozilla/5.0 (compatible; Googlebot/2.1; +http://www.google.com/bot.html)",,"2016-04-30 21:49:08.505072","2016-04-30 21:49:08.505072"
116,"66.249.66.6","ag_04202016","320x50","PALMSPRINGS-KKUU","Mountain View","California","Mozilla/5.0 (compatible; Googlebot/2.1; +http://www.google.com/bot.html)",,"2016-04-30 21:49:32.889738","2016-04-30 21:49:32.889738"
117,"66.249.66.6","ag_04202016","728x90","PALMSPRINGS-KPSI","Mountain View","California","Mozilla/5.0 (compatible; Googlebot/2.1; +http://www.google.com/bot.html)",,"2016-04-30 22:05:32.004055","2016-04-30 22:05:32.004055"
118,"66.249.66.6","ag_04202016","300x250","RIVERSIDE-CBS-RADIO","Mountain View","California","Mozilla/5.0 (compatible; Googlebot/2.1; +http://www.google.com/bot.html)",,"2016-05-01 03:43:00.785417","2016-05-01 03:43:00.785417"
119,"66.249.66.10","ag_04202016","160x600","OXNARD-KHAY-FM","Mountain View","California","Mozilla/5.0 (compatible; Googlebot/2.1; +http://www.google.com/bot.html)",,"2016-05-01 03:43:18.833613","2016-05-01 03:43:18.833613"
120,"66.249.66.10","ag_04202016","300x250","OXNARD-KHAY-FM","Mountain View","California","Mozilla/5.0 (compatible; Googlebot/2.1; +http://www.google.com/bot.html)",,"2016-05-01 03:59:20.27801","2016-05-01 03:59:20.27801"
121,"66.249.66.6","ag_04202016","728x90","OXNARD-KHAY-FM","Mountain View","California","Mozilla/5.0 (compatible; Googlebot/2.1; +http://www.google.com/bot.html)",,"2016-05-01 04:00:21.27903","2016-05-01 04:00:21.27903"
122,"66.117.9.146","ag_04202016","320x50","OXNARD-KHAY-FM","Los Angeles","California","mozilla/5.0 (windows nt 6.2; wow64) applewebkit/537.36 (khtml, like gecko) chrome/28.0.1500.72 safari/537.36",,"2016-05-01 08:29:40.566983","2016-05-01 08:29:40.566983"
123,"23.108.12.27","ag_04202016","320x50","OXNARD-KHAY-FM","New York City","New York","Mozilla/5.0 (Windows NT 6.3; WOW64; rv:35.0) Gecko/20100101 Firefox/35.0",,"2016-05-01 11:21:03.422862","2016-05-01 11:21:03.422862"
124,"23.81.46.26","ag_04202016","320x50","OXNARD-KHAY-FM","Atlanta","Georgia","Mozilla/5.0 (Windows NT 6.1; rv:35.0) Gecko/20100101 Firefox/35.0",,"2016-05-01 11:21:06.927324","2016-05-01 11:21:06.927324"
125,"66.117.9.146","ag_04202016","320x50","OXNARD-KHAY-FM","Los Angeles","California","mozilla/5.0 (windows nt 6.2; wow64) applewebkit/537.36 (khtml, like gecko) chrome/28.0.1500.72 safari/537.36",,"2016-05-01 18:05:13.879943","2016-05-01 18:05:13.879943"
126,"66.249.66.15","ag_04202016","970x90","PALMSPRINGS-KPSI","Mountain View","California","Mozilla/5.0 (compatible; Googlebot/2.1; +http://www.google.com/bot.html)",,"2016-05-01 20:49:32.573604","2016-05-01 20:49:32.573604"
127,"66.249.66.6","ag_04202016","320x50","PALMSPRINGS-KKUU","Mountain View","California","Mozilla/5.0 (compatible; Googlebot/2.1; +http://www.google.com/bot.html)",,"2016-05-01 20:50:07.770316","2016-05-01 20:50:07.770316"
128,"66.249.66.10","ag_04202016","728x90","PALMSPRINGS-KPSI","Mountain View","California","Mozilla/5.0 (compatible; Googlebot/2.1; +http://www.google.com/bot.html)",,"2016-05-01 21:05:02.14295","2016-05-01 21:05:02.14295"
129,"66.249.66.6","ag_04202016","300x250","PALMSPRINGS-KPSI","Mountain View","California","Mozilla/5.0 (compatible; Googlebot/2.1; +http://www.google.com/bot.html)",,"2016-05-01 21:05:05.638468","2016-05-01 21:05:05.638468"
130,"66.249.66.15","ag_04202016","320x50","PALMSPRINGS-KPSI","Mountain View","California","Mozilla/5.0 (compatible; Googlebot/2.1; +http://www.google.com/bot.html)",,"2016-05-01 21:10:41.252295","2016-05-01 21:10:41.252295"
131,"66.249.66.15","ag_04202016","320x50","OXNARD-KHAY-FM","Mountain View","California","Mozilla/5.0 (compatible; Googlebot/2.1; +http://www.google.com/bot.html)",,"2016-05-01 21:39:48.927387","2016-05-01 21:39:48.927387"
132,"66.249.66.10","ag_04202016","970x90","PALMSPRINGS-KKUU","Mountain View","California","Mozilla/5.0 (compatible; Googlebot/2.1; +http://www.google.com/bot.html)",,"2016-05-01 21:39:58.907675","2016-05-01 21:39:58.907675"
133,"66.249.66.10","ag_04202016","300x250","PALMSPRINGS-KKUU","Mountain View","California","Mozilla/5.0 (compatible; Googlebot/2.1; +http://www.google.com/bot.html)",,"2016-05-01 21:40:37.018125","2016-05-01 21:40:37.018125"
134,"94.249.212.183","ag_04202016","320x50","OXNARD-KHAY-FM","Homburg","Saarland","Mozilla/5.0 (Windows NT 6.3; WOW64; rv:35.0) Gecko/20100101 Firefox/35.0",,"2016-05-01 22:54:42.082103","2016-05-01 22:54:42.082103"
135,"5.1.84.144","ag_04202016","320x50","OXNARD-KHAY-FM","Frankfurt am Main","Hessen","Mozilla/5.0 (Windows NT 6.3; WOW64; rv:35.0) Gecko/20100101 Firefox/35.0",,"2016-05-01 22:54:44.322912","2016-05-01 22:54:44.322912"
136,"23.82.35.30","ag_04202016","320x50","OXNARD-KHAY-FM","Phoenix","Arizona","Mozilla/5.0 (Windows NT 6.1; WOW64) AppleWebKit/537.36 (KHTML, like Gecko) Chrome/42.0.2311.135 Safari/537.36",,"2016-05-02 00:15:52.79702","2016-05-02 00:15:52.79702"
137,"23.82.35.40","ag_04202016","320x50","OXNARD-KHAY-FM","Phoenix","Arizona","Mozilla/5.0 (Windows NT 6.1; WOW64; Trident/7.0; rv:11.0) like Gecko",,"2016-05-02 00:15:55.067643","2016-05-02 00:15:55.067643"
138,"66.249.66.6","ag_04202016","300x250","RIVERSIDE-CBS-RADIO","Mountain View","California","Mozilla/5.0 (compatible; Googlebot/2.1; +http://www.google.com/bot.html)",,"2016-05-02 03:48:37.636106","2016-05-02 03:48:37.636106"
139,"66.249.66.6","ag_04202016","160x600","OXNARD-KHAY-FM","Mountain View","California","Mozilla/5.0 (compatible; Googlebot/2.1; +http://www.google.com/bot.html)",,"2016-05-02 03:48:43.656549","2016-05-02 03:48:43.656549"
140,"181.41.217.40","ag_04202016","320x50","OXNARD-KHAY-FM","Sao Paulo","Sao Paulo","Mozilla/5.0 (Windows NT 6.3; WOW64; rv:35.0) Gecko/20100101 Firefox/35.0",,"2016-05-02 08:36:36.103148","2016-05-02 08:36:36.103148"
141,"181.41.217.32","ag_04202016","320x50","OXNARD-KHAY-FM","Sao Paulo","Sao Paulo","Mozilla/5.0 (Windows NT 6.1; WOW64) AppleWebKit/537.36 (KHTML, like Gecko) Chrome/42.0.2311.135 Safari/537.36",,"2016-05-02 08:36:41.5133","2016-05-02 08:36:41.5133"
142,"209.190.95.130","ag_04202016","300x250","RIVERSIDE-CBS-RADIO","Columbus","Ohio","Mozilla/5.0 (Windows NT 6.1; WOW64) AppleWebKit/537.36 (KHTML, like Gecko) Chrome/42.0.2311.90 Safari/537.36",,"2016-05-02 10:26:00.629783","2016-05-02 10:26:00.629783"
